Armor Piercing Rounds,
Backup Magazine,
Bison Steak,
Bundle of Fireworks,
Bustling Fungus,
Cautious Slug,
Crowbar,
Delicate Watch,
Energy Drink,
Focus Crystal,
Gasoline,
Item Scrap,
Lens Makers Glasses,
Medkit,
Mocha,
Monster Tooth,
Oddly Shaped Opal,
Pauls Goat Hoof,
Personal Shield Generator,
Power Elixir,
Repulsion Armor Plate,
Roll of Pennies,
Rusted Key,
Soldiers Syringe,
Sticky Bomb,
Stun Grenade,
Topaz Brooch,
Tougher Times,
Tri Tip Dagger,
Warbanner,
AtG Missile Mk. 1,
Bandolier,
Berzerkers Pauldron,
Chronobauble,
Death Mark,
Fuel Cell,
Ghors Tome,
Harvesters Scythe,
Hopoo Feather,
Hunters Harpoon,
Ignition Tank,
Infusion,
Kjaros Band,
Leeching Seed,
Lepton Daisy,
Old Guillotine,
Old War Stealthkit,
Predatory Instincts,
Razorwire,
Red Whip,
Regenerating Scrap,
Rose Buckler,
Runalds Band,
Shipping Request Form,
Shuriken,
Squid Polyp,
Ukulele,
War Horn,
Wax Quail,
Will o the wisp,
57 Leaf Clover,
Aegis,
Alien Head,
Bens Raincoat,
Bottled Chaos,
Brainstalks,
Brilliant Behemoth,
Ceremonial Dagger,
Defensive Microbots,
Dios Best Friend,
Frost Relic,
Head Stompers,
Happiest Mask,
Hardlight Afterburner,
Interstellar Desk Plant,
Laser Scope,
Nkuhanas Opinion,
Pocket I.C.B.M.,
Rejuvenation Rack,
Resonance Disc,
Sentient Meat Hook,
Shattering Justice,
Soulbound Catalyst,
Spare Drone Parts,
Symbiotic Scorpion,
Unstable Tesla Coil,
Wake of Vultures,
Artifact Key,
Charged Perforator,
Defense Nucleus,
Empathy Cores,
Genesis Loop,
Halcyon Seed,
Irradiant Pearl,
Little Disciple,
Mired Urn,
Molten Perforator,
Pearl,
Planula,
Queens Gland,
Shatterspleen,
Titanic Knurl,
Beads of Fealty,
Brittle Crown,
Corpsebloom,
Defiant Gouge,
Egocentrism,
Essence of Heresy,
Eulogy Zero,
Focused Convergence,
Gesture of the Drowned,
Hooks of Heresy,
Light Flux Pauldron,
Mercurial Rachis,
Purity,
Shaped Glass,
Stone Flux Pauldron,
Strides of Heresy,
Transcendence,
Visions of Heresy,
Benthic Bloom,
Encrusted Key,
Lost Seers Lenses,
Lysate Cell,
Needletick,
Newly Hatched Zoea,
Plasma Shrimp,
Pluripotent Larva,
Polylute,
Safer Spaces,
Singularity Band,
Tentabauble,
Voidsent Flame,
Weeping Fungus,
Blast Shower,
Disposable Missile Launcher,
Eccentric Vase,
Executive Card,
Foreign Fruit,
Forgive Me Please,
Fuel Array,
Gnarled Woodsprite,
Goobo Jr.,
Gorags Opus,
Jade Elephant,
Milky Chrysalis,
Molotov,
Ocular HUD,
Preon Accumulator,
Primordial Cube,
Radar Scanner,
Recycler,
Remote Caffeinator,
Royal Capacitor,
Sawmerang,
Super Massive Leech,
The Back Up,
The Crowdfunder,
Trophy Hunters Tricorn,
Volcanic Egg,
Effigy of Grief,
Glowing Meteorite,
Helfire Tincture,
Spinel Tonic,
Her Biting Embrace,
His Reassurance,
Ifrits Distinction,
Nkuhanas Retort,
Shared Design,
Silence Between Two Strikes,
Spectral Circlet,
Acrid,
Artificer,
Bandit,
Captain,
Commando,
Engineer,
Heretic,
Huntress,
Loader,
Mercenary,
MULT,
Railgunner,
REX,
Void Fiend,
Abandoned Aqueduct,
Abyssal Depths,
Aphelian Sanctuary,
Commencement,
Distant Roost,
Rallypoint Delta,
Scorched Acres,
Siphoned Forest,
Sirens Call,
Sky Meadow,
Sulfur Pools,
Sundered Grove,
Titanic Plains,
Wetland Aspect,
A Moment Fractured,
A Moment Whole,
Bazaar Between Time,
Bulwarks Ambry,
Gilded Coast,
The Planetarium,
Void Fields,
Void Locus,
Alloy Vulture,
Alloy Worship Unit,
Alpha Construct,
Aurelionite,
Beetle,
Beetle Guard,
Beetle Queen,
Bighorn Bison,
Blind Pest,
Blind Vermin,
Brass Contraption,
Clay Apothecary,
Clay Dunestrider,
Clay Templar,
Elder Lemurian,
Geep,
Gip,
Grandparent,
Greater Wisp,
Grovetender,
Gup,
Healing Core,
Hermit Crab,
Imp,
Imp Overlord,
Jellyfish,
Larva,
Lemurian,
Lesser Wisp,
Lunar Chimera Exploder,
Lunar Chimera Golem,
Lunar Chimera Wisp,
Magma Worm,
Malachite Urchin,
Mini Mushrum,
Mithrix,
Newt,
Overloading Worm,
Parent,
Scavenger,
Solus Control Unit,
Solus Probe,
Stone Golem,
Stone Titan,
Twisted Scavenger,
Void Barnacle,
Void Devastator,
Void Infestor,
Void Jailer,
Void Reaver,
Voidling,
Wandering Vagrant,
Xi Construct,
Blazing,
Overloading,
Glacial,
Mending,
Malachite,
Celestine,
Perfected,
Voidtouched,
Chest,
Damage Chest,
Healing Chest,
Utility Chest,
Large Chest,
Large Damage Chest,
Large Healing Chest,
Large Utility Chest,
Adaptive Chest,
Equipment Barrel,
Multishop Terminal,
Lunar Pod,
Cloaked Chest,
Legendary Chest,
Void Cradle,
Void Potential,
Rusty Lockbox,
Encrusted Cache,
Scavenger Backpack,
Barrel,
Stalk,
Cleansing Pool,
3D Printer,
Mili Tech Printer,
Scrapper,
Gunner Drone,
Healing Drone,
Missile Drone,
Incinerator Drone,
Equipment Drone,
Emergency Drone,
TC280 Prototype,
Gunner Turret,
Lemurian Egg,
Shrine of Blood,
Shrine of Combat,
Shrine of the Mountain,
Shrine of Chance,
Shrine of the Woods,
Shrine of Order,
Altar of Gold,
Radio Scanner,
Escape Pod,
Newt Altar,
Pressure Plate,
Fan,
Timed Security Chest,
Broken REX,
Alloy Vulture Nest,
Compound Generator,
Glass Frog,
Artifact Reliquary,
Lunar Buds,
Lunar Shop Refresher,
Cauldron,
Lunar Seer,
Survivor Suspended In Time,
Halcyon Beacon,
Obelisk,
Teleporter,
Pillar of Mass,
Pillar of Design,
Pillar of Soul,
Pillar of Blood,
Cell Vent,
Deep Void Signal,
Assessment Focus,
Blue Portal,
Gold Portal,
Celestial Portal,
Artifact Portal,
Null Portal,
Void Portal,
Deep Void Portal,
Infinite Portal,
Quantum Tunnel,
Vending Machine,
Chaos,
Command,
Death,
Delusion,
Devotion,
Dissonance,
Enigma,
Evolution,
Frailty,
Glass,
Honor,
Kin,
Metamorphosis,
Sacrifice,
Soul,
Spite,
Swarms,
Vengeance,
