3D Printer,
57 Leaf Clover,
Abandoned Aqueduct,
Abyssal Depths,
Acrid,
Adaptive Chest,
Aegis,
Alien Head,
Alloy Vulture,
Alloy Worship Unit,
Alpha Construct,
Altar of Gold,
Aphelian Sanctuary,
Armor-Piercing Rounds,
Artifact Key,
Artifact of Dissonance,
Artifacts,
Artificer,
AtG Missile,
Aurelionite,
Backup Magazine,
Bandit,
Bandolier,
Barrier,
Bazaar Between Time,
Beads of Fealty,
Beetle,
Beetle Guard,
Beetle Queen,
Behemoth,
Ben's Raincoat,
Benthic Bloom,
Berzerker's Pauldron,
Bighorn Bison,
Bison Steak,
Blast Shower,
Blazing Elites,
Blind Pest,
Blue Portal,
Bottled Chaos,
Brainstalks,
Brass Contraption,
Brilliant Behemoth,
Brittle Crown,
Bulwark's Ambry,
Bundle of Fireworks,
Bungus,
Bustling Fungus,
Captain,
Cautious Slug,
Celestial Portal,
Ceremonial Dagger,
Charged Perforator,
Chronobauble,
Clay Apothecary,
Clay Dunestrider,
Clay Templar,
Cleansing Pool,
Cloaked Chest,
Command,
Commando,
Commencement,
Corpsebloom,
Crowbar,
Damage,
Death Mark,
Defense Nucleus,
Defensive Microbots,
Defiant Gouge,
Delicate Watch,
Dio's Best Friend,
Disposable Missile Launcher,
Distant Roost,
Drizzle,
Drones,
Eccentric Vase,
Eclipse,
Effigy of Grief,
Egocentrism,
Elder Lemurian,
Elites,
Empathy Cores,
Empty Bottle,
Encrusted Key,
Energy Drink,
Engineer,
Equipment,
Equipment Barrel,
Equipment Drone,
Escape Pod,
Essence of Heresy,
Eulogy Zero,
Executive Card,
Feather,
Fireworks,
Focus Crystal,
Focused Convergence,
Foreign Fruit,
Forgive Me Please,
Frost Relic,
Fuel Array,
Fuel Cell,
Fungus,
Gas Exhaust,
Gasoline,
Genesis Loop,
Gesture of the Drowned,
Geyser,
Ghor's Tome,
Ghost,
Gilded Coast,
Glacial Elites,
Glowing Meteorite,
Gnarled Woodsprite,
Gold Portal,
Goobo Jr.,
Gorag's Opus,
Grandparent,
Greater Wisp,
Grovetender,
Gunner Drone,
Gunner Turret,
Gup,
Halcyon Seed,
Happiest Mask,
Hardlight Afterburner,
Harvester's Scythe,
Head Stompers,
Healing Drone,
Health Regeneration,
Hellfire Tincture,
Heretic,
Hermit Crab,
Hooks of Heresy,
Hopoo Feather,
Hunter's Harpoon,
Huntress,
Ignition Tank,
Imp,
Imp Overlord,
Incinerator Drone,
Infusion,
Interstellar Desk Plant,
Irradiant Pearl,
Green Scrap,
Red Scrap,
White Scrap,
Yellow Scrap,
Jade Elephant,
Kjaro's Band,
Knockback,
Laser Scope,
Leeching Seed,
Legendary Chest,
Lemurian,
Lens-Maker's Glasses,
Lepton Daisy,
Lesser Wisp,
Light Flux Pauldron,
Little Disciple,
Loader,
Logbook,
Looping,
Lost Seer's Lenses,
Lunar Chimera,
Lunar Coin,
Lunar Items,
Lunar Pod,
Lysate Cell,
MUL-T,
Magma Worm,
Medkit,
Mercenary,
Mercurial Rachis,
Metamorphosis,
Milky Chrysalis,
Mini Mushrum,
Mired Urn,
Missile Drone,
Mithrix,
Mocha,
Molotov,
Molten Perforator,
Monsoon,
Monster Tooth,
Multishop Terminal,
N'kuhana's Opinion,
N'kuhana's Retort,
Needletick,
Newly Hatched Zoea,
Newt,
Newt Altars,
Null Portal,
Obelisk,
Obliterate,
Ocular HUD,
Oddly-shaped Opal,
Old Guillotine,
Old War Stealthkit,
One Shot Protection,
Overloading Worm,
Parent,
Paul's Goat Hoof,
Pearl,
Personal Shield Generator,
Petrichor V,
Planula,
Plasma Shrimp,
Pluripotent Larva,
Pocket ICBM,
Polylute,
Power Elixir,
Predatory Instincts,
Preon Accumulator,
Primordial Cube,
Primordial Teleporter,
Prismatic Trial,
Purity,
Queen's Gland,
REX,
Radar Scanner,
Radio Scanner,
Railgunner,
Rainstorm,
Rallypoint Delta,
Razorwire,
Recycler,
Red Whip,
Regenerating Scrap,
Rejuvenation Rack,
Remote Caffeinator,
Repulsion Armor Plate,
Resonance Disc,
Roll of Pennies,
Rose Buckler,
Royal Capacitor,
Runald's Band,
Rusted Key,
Rusty Lockbox,
Sacrifice,
Safer Spaces,
Sawmerang,
Scavenger,
Scorched Acres,
Scrapper,
Sentient Meat Hook,
Shaped Glass,
Shared Design,
Shattering Justice,
Shatterspleen,
Shipping Request Form,
Shrine of Blood,
Shrine of Chance,
Shrine of Combat,
Shrine of Gold,
Shrine of Order,
Shrine of the Mountain,
Shrine of the Woods,
Shuriken,
Silence Between Two Strikes,
Simulacrum,
Singularity Band,
Siphoned Forest,
Siren's Call,
Sky Meadow,
Soldier's Syringe,
Solus Control Unit,
Solus Probe,
Soulbound Catalyst,
Spare Drone Parts,
Spinel Tonic,
Squid Polyp,
Stealthkit,
Sticky Bomb,
Stone Flux Pauldron,
Stone Golem,
Stone Titan,
Strides of Heresy,
Stun Grenade,
Sulfur Pools,
Sundered Grove,
Super Massive Leech,
Survivors,
Swarms,
Symbiotic Scorpion,
Syringe,
TC-280 Prototype,
Teleporter,
Tentabauble,
Tesla Coil,
The Back-up,
The Crowdfunder,
The Planetarium,
Titanic Knurl,
Titanic Plains,
Tonic,
Topaz Brooch,
Tougher Times,
Transcendence,
Treasure,
Tritip Dagger,
Trophy Hunter's Tricorn,
Turrets,
Ukulele,
Unstable Tesla Coil,
Vengeance,
Verdant Falls,
Visions of Heresy,
Void Barnacle,
Void Cradle,
Void Devastator,
Void Fields,
Void Fiend,
Void Infestor,
Void Jailer,
Void Locus,
Void Portal,
Void Potential,
Void Reaver,
Void Seed,
Voidling,
Voidsent Flame,
Volcanic Egg,
Wake of Vultures,
Wandering Vagrant,
War Horn,
Warbanner,
Wax Quail,
Weeping Fungus,
Wetland Aspect,
Will-o'-the-wisp,
Wungus,
Xi Construct,
